news,class
Barbie ဒါရိုက်တာနှင့် ခေါင်းဆောင်မင်းသမီးတို့ အော်စကာဆန်ခါတင်စာရင်းတွင် မပါလာသည့်အပေါ် ဟီလာရီကလင်တန် တုံ့ပြန်,entertainment
Spider-Man သရုပ်ဆောင် တွမ်ဟော်လန်အတွက် Avengers ရုပ်ရှင်အပိုဆုကြေးသည် ၎င်းထံ ရောက်ရှိလာခဲ့သည်ဟု The White Lotus သရုပ်ဆောင် တွမ်ဟော်လန်ဒါက ထုတ်ဖော်ပြောကြားခဲ့သည်။,entertainment
၂၀၂၃ ခုနှစ် ကမ္ဘာတစ်ဝန်း အားကျစရာနှင့် လွှမ်းမိုးမှုရှိသော ထူးချွန်ထင်ရှား အမျိုးသမီး ၁၀၀ စာရင်းတွင် ပါဝင်လာသည့် သရုပ်ဆောင် ခိုင်နှင်းဝေ,entertainment
ဇာဘီအလွန်ဆိုသည် ကစားသမားဘဝတွင် လီဗာပူးလ်၊ ရီးယဲလ်မက်ဒရစ်နှင့် ဘိုင်ယန်မြူးနစ် စသည့် ထိပ်တန်းအသင်းကြီးများတွင် ကစားခဲ့ဖူးပြီး ယင်းအသင်းအားလုံး၏ ဂန္ထဝင်ကစားသမားအဖြစ် သတ်မှတ်ခံရသူ ဖြစ်သည်။,entertainment
ချန်ပီယံဆုရယူလိုလျှင် ဂိုးဧရိယာနှစ်ခုစလုံး၌ ယခုထက် ပိုမိုတိုးတက်ရန်လိုအပ်သည်ဟု အာဆင်နယ်နည်းပြ အာတီတာ ပြောကြား,entertainment
၂၀၂၆ ကမ္ဘာ့ဖလားပြိုင်ပွဲ ပွဲစဉ်ဇယား၊ ဗိုလ်လုပွဲအပါအဝင် လက်ခံကျင်းပမည့်ကွင်းများကို ဖေဖော်ဝါရီ (၄)ရက်တွင် FIFA ကြေညာမည်,entertainment
အမေရိကန်ရုပ်သံစတား ကင်ကာဒက်ရှီယန်နှင့် NFL ဘောလုံးကစားသမား အိုဒယ်လ်ဘက်ခမ်းဂျူနီယာတို့ တွဲနေသည်ဟု သတင်းထွက်နေ,entertainment
Netflix က ၂၀၂၄ ခုနှစ်  Game of Thrones  ဖန်တီးသူများက ပုံဖော်သော သိပ္ပံစိတ်ကူးယဉ် ဇာတ်လမ်းတွဲဖြင့် စတင်လောင်းကြေးထပ်,entertainment
ဟီရိုနာရဲ့ ဒီရာသီခြေစွမ်းကပုံမှန်မရသေးဘူး။ အီဘာကလည်း ဟုတ်မလိုလိုနဲ့ နောက်ဆုံး (၂)ပွဲဆက်ရှုံးပြီး ရုန်းကန်နေရတယ်။ အထူးသဖြင့် အဝေးကွင်းတွေမှာ အီဘာရဲ့ခံစစ်ကစိတ်မချရသေးလို့ ဟီရိုနာအတွက် အခွင့်အရေးပိုရှိနေတာအမှန်ပဲ။ ဟီရိုနာနဲ့ ဂိုးအနည်းပဲကောင်းမယ်ထင်တယ်။,entertainment
ရီးယဲလ်နည်းပြ လိုပယ်တယ်ဟီ အသင်းဥက္ကဋ္ဌ ပီရက်ဇ် လက်ထက်တွင် တာထွက်အညံ့ဆုံးနည်းပြအဖြစ် ရပ်တည်,entertainment
အကောင်းဆုံး ရုံတင်ဇာတ်ကားများနှင့် သရုပ်ဆောင်များကို ရွေးချယ်ဂုဏ်ပြုမည့် ယခုနှစ် အော်စကာဆုပေးပွဲတွင် ခီလီယန်မာဖီ သရုပ်ဆောင်ထားသည့် Oppenheimer ဇာတ်ကားက အကောင်းဆုံးဇာတ်ကားဆု အပါအဝင် ဆု ၁၃ ဆု လျာထားခံရသည်။,entertainment
ဘာလင်ရုပ်ရှင်ပွဲတော်က လက်ယာစွန်း နိုင်ငံရေးသမားငါးဦးကို ဖိတ်ကြားခြင်းမပြုရန် ဆုံးဖြတ်,entertainment
ဗြိတိန်သရုပ်ဆောင် ဂျိုးအယ်လ်ဝင်နှင့်ပြတ်ပြီးနောက် The 1975 တေးဂီတအဖွဲ့ခေါင်းဆောင် မက်တီဟီလီနှင့် တေလာဆွစ် သတင်းထွက်နေ,entertainment
ဗြိတိန်ပေါ့အဆိုတော် အက်ဒ်ရှီးယန်က ၎င်း၏ နာမည်ကျော်သီချင်းဖြစ်သည့် Thining Out Loud ကို ရေးသားရာတွင် အဆိုတော်မာဗင်ဂေး၏ Let’s Get It On သီချင်းကို ပုံတူကူးချခြင်းမရှိကြောင်း အမေရိကန်တရားသူကြီးတစ်ဦးက တွေ့ရှိခဲ့ပြီးနောက် အက်ဒ်က မေ ၄ ရက်တွင် ပျော်ရွှင်ပြီး စိတ်သက်သာရာရရှိခဲ့သည်ဟု ပြောကြားခဲ့သည်။,entertainment
လတ်တလောကောက်ယူထားသည့် အွန်လိုင်းစစ်တမ်းတစ်ခုအရ တောင်ကိုရီးယားတွင် အချစ်ရေးနှင့်ပတ်သက်ပြီး ကောလာဟလသတင်းများ အထွက်ဆုံး ထင်ပေါ်ကျော်ကြားသူများထဲ ထိပ်တန်းဘောလုံး ကစားသမားဆွန်ဟောင်မင်က ထိပ်ဆုံးဖြစ်ပြီး မင်းသမီးဆောင်းဟေကိုက ဒုတိယ၊ ကေ ပေါ့အဖွဲ့ BLACKPINK မှအဖွဲ့ဝင်ဂျန်းနီက  တတိယနေရာတွင် ရပ်တည်နေသည်။,entertainment
ရီဟားနားက The Smurfs ရုပ်ရှင်တွင် Smurfette ဇာတ်ကောင်နေရာမှ နောက်ခံအသံသရုပ်ဆောင်မည်ဟုဆို,entertainment
တောင်ကိုရီးယားရုပ်ရှင်များနှင့် ရုပ်သံဇာတ်လမ်းတွဲများအတွက် Netflix က အမေရိကန်ဒေါ်လာ နှစ်ဘီလျံခွဲ ရင်းနှီးမြှုပ်နှံမည်,entertainment
Netflix ၏ Emily နှင့် Lupin ဇာတ်လမ်းများကြောင့် ပါရီမြို့တော်သို့ သွားရောက်လည်ပတ်သော ခရီးသွား ပိုမိုများပြား,entertainment
လာမည့်နွေရာသီတွင် ဘာစီလိုနာအသင်းနှင့် လမ်းခွဲမည့် နည်းပြဇာဗီနှင့် ၎င်း၏ နည်းပြအဖွဲ့သည် လက်ကျန်စာချုပ်သက်တမ်းအတွက် လာစာရယူမည်မဟုတ်ကြောင်း သိရသည်။ ,entertainment
အာဖရိကနိုင်ငံများဖလားနှင့် အာရှဖလားအတွက် ပရီးမီးယားလိဂ်မှ ကစားသမား (၄၀) အထိ စေလွှတ်ထားရပြီး နော်တင်ဟမ်ဖောရက်စ်မှ အများဆုံးဖြစ်,entertainment
ရန်ကုန်ယူနိုက်တက်အသင်း လက်ရှိဖွင့်လှစ်ထားသည့် ရာသီကြိုအပြောင်းအရွှေ့ကာလတွင် သုံးဦးမြောက် ပြည်တွင်းကစားသမားခေါ်ယူမှုအဖြစ် ဧရာဝတီယူနိုက်တက်အသင်းမှ တောင်ပံတိုက်စစ်ကစားသမား ညီညီအောင်ကို ခေါ်ယူ,entertainment
သြစတြေးလျအသင်းမှာ ရိုင်ယန်၊ အာဗိုင်းတို့လောက်ပဲ လူဟောင်းပါဝင်ပြီး မျက်နှာသစ်ကစားသမားတွေ အတော်များပါတယ်။ ဆီးရီးယားအသင်းက သြစတြေးလျနဲ့ တွေ့ဆုံမှုတိုင်းမှာ ဒုက္ခပေးနိုင်ခဲ့တာ တွေ့ရတယ်သြစတြေးလျအသင်း ဂိုးမပြတ်လောက်ဘူး။,entertainment
မစ်ဒယ်ဘရော့နဲ့ကစားရမယ့် FA ဖလားပွဲ၊ အဲဗာတန်နဲ့ ကစားရမယ့် ပရီးမီးယားလိဂ်ပွဲတွေပါ။ ပြီးတော့ ပြင်းပြင်းထန်ထန်ကြိုးစားရင် အိပ်မက်တွေ ဖြစ်လာနိုင်တယ်လို့ ယုံကြည်ပါတယ်''ဟု ပြောကြားခဲ့သည်။,entertainment
အူနိုင်းအမ်မရီသည် ၂၀၂၃ ခုနှစ်အတွင်းတွင် အက်စတွန်ဗီလာအသင်းကို တိုးတက်မှုရှိအောင် စွမ်းဆောင်ပေးနိုင်ခဲ့ပြီး လက်ရှိရာသီ၌ ပရီးမီးယားလိဂ်အမှတ်ပေးဇယားထိပ်ပိုင်းတွင် ရပ်တည်နိုင်အောင်လည်း စွမ်းဆောင်ပေးထားသည်။,entertainment
အာဖရိကနိုင်ငံများဖလားနှင့် အာရှဖလားပြိုင်ပွဲသို့ လက်လွှတ်ရသည့် ကစားသမားများထဲတွင် လီဗာပူးလ်တိုက်စစ်ကစားသမား ဆာလာ၊ စပါးအသင်းခေါင်းဆောင် ဆွန်ဟောင်မင်တို့ကဲ့သို့ ထိပ်တန်းကစားသမားများ ပါဝင်နေသည်။,entertainment
နှစ်ဖက်တိုက်ပွဲမရှိတဲ့ ကယား (ကရင်နီ) ပြည်နယ်၊ ဒီးမော့ဆိုအနောက်ဘက်ခြမ်း ဒေါဆီးအီ နဲ့ လွိုင်နန်းဖ ရွာစာသင်ကျောင်းတွေပေါ် အနည်းဆုံးတိုက်လေယာဉ် ၂ စီးနဲ့ လေကြောင်းကနေ ဗုံးကြဲပစ်ခတ်မှုတွေကြောင့် ကလေးငယ်တွေသေဆုံးတဲ့ဖြစ်စဉ်ကို သူတို့ မလုပ်ဆောင်ခဲ့ဘူးလို့ စစ်ကောင်စီသတင်းထုတ်ပြန်ရေးက ငြင်းဆန်လိုက်ပါတယ်။,politic
၂၀၂၃ခုနှစ်၊ နိုဝင်ဘာ ၆ ရက်နေ့တုန်းက အမျိုးသားညီညွတ်ရေးအစိုးရ(NUG)က ထိန်းချုပ်နိုင်ပြီလို့ ကြေညာခဲ့တဲ့ စစ်ကိုင်းတိုင်းအထက်ပိုင်းက ကောလင်းမြို့ကို ပြန်လည်ထိန်းချုပ်နိုင်ပြီလို့ စစ်ကောင်စီ သတင်းထုတ်ပြန်ရေးအဖွဲ့က ဖေဖော်ဝါရီ ၁၀ ရက်နေ့မှာ ဓာတ်ပုံနဲ့တကွ သတင်းထုတ်ပြန်လာခဲ့ပါတယ်။,politic
မြန်မာပြည်တွင်းမှာ စစ်တပ်အာဏာသိမ်းပြီးတဲ့နောက်ဖြစ်ပေါ်လာတဲ့ နိုင်ငံရေးအကျပ်အတည်းအတွက် အာဆီယံ ဘုံသဘောတူညီချက် ၅ ရပ်ကို ၂၀၂၄ အာဆီယံအလှည့်ကျ ဥက္ကဋ္ဌ လာအိုနိုင်ငံအနေနဲ့ ဘယ်လို ချဥ်းကပ်မလဲဆိုတာ စောင့်ကြည့်ခံရချိန်မှာပဲ အထူးသံရဲ့ မြန်မာပြည်ခရီး ထွက်ပေါ်လာတာဖြစ်ပါတယ်။,politic
“စစ်ပွဲဆက်ပြီး ဖြစ်ပွားနေသရွေ့ ပါလက်စတိုင်းရဲ့ သေရေးရှင်ရေးတမျှဖြစ်နေတဲ့ စီးပွားရေးအလားအလာဟာ ပိုပြီးဆိုးရွားနေမှာဖြစ်တယ်”ဟု IMF ၏ စီမံအုပ်ချုပ်ရေးဆိုင်ရာ ညွှန်ကြားရေးမှူး ခရစ္စတာလီနာ ဂျော်ဂျီဗာက ဒူဘိုင်းတွင်ပြုလုပ်သည့် ကမ္ဘာ့အစိုးရများ၏ ထိပ်သီးညီလာခံ၌ ပြောကြားခဲ့သည်။,politic
ပြည်သူ့စစ်အဖွဲ့များ၊ ဒေသခံကာကွယ်ရေးအဖွဲ့များ ဖွဲ့စည်းပေးရေး တောင်းဆိုနေခြင်း​များကြောင့် ဥပဒေနှင့်ညီညွတ်ပြီး စနစ်ကျသည့် ပြည်သူ့စစ်မှုထမ်းဥပဒေကို ပြဋ္ဌာန်းရခြင်းဖြစ်ကြောင်း နစက ပြောရေးဆိုခွင့်ရှိသူ ပြောကြား,politic
ထိုင်းနိုင်ငံက ဦးဆောင်သော လူသားချင်း စာနာမှုဆိုင်ရာ အကူအညီ အစီအစဉ်သည် မြန်မာနိုင်ငံရှိ ပဋိပက္ခဖြစ်ပွားနေသော အဖွဲ့များအကြား ဆွေးနွေးမှုများကို လမ်းပွင့်စေရန်ရည်ရွယ်သည်ဟု ထိုင်း ဒုတိယနိုင်ငံခြားရေးဝန်ကြီး ပြောကြား,politic
ထိုင်းနိုင်ငံခြားရေးဝန်ကြီး ပရန်ပရီ ဘဟိဒ္ဒ နုကာရဟာ အမေရိကန်နိုင်ငံခြားရေးဝန်ကြီး အန်ထော်နီဘလင်ကန်နဲ့ တနင်္လာနေ့ အမေရိကန်စံချိန်ညနေပိုင်းမှာတွေ့ဆုံခဲ့ပြီး ဒေသတွင်း မြန်မာနိုင်ငံအရေးကိစ္စဟာ ဦးစားပေးဆွေးနွေးမယ့်အကြောင်းအရာတခုဖြစ်မယ်လို့ မျှော်လင့်ရပါတယ်။,politic
ထိုင်း၊ စင်္ကာပူ၊ ဘရူနိုင်း စတဲ့ အာဆီယံနိုင်ငံတွေကို သွားရောက်ပြီး မြန်မာနိုင်ငံဒီမိုကရေစီ ပြန်လည်ရရှိရေး ကိစ္စအပါအဝင်၊ ပြီးခဲ့တဲ့ အာဆီယံ-အမေရိကန် ထိပ်သီးအစည်းအဝေး ဆုံးဖြတ်ချက်တွေကို ဆက်လက် အကာင်အထည်ဖော်ဖို့ ကိစ္စတွေ ဆွေးနွေးခဲ့တဲ့အကြောင်းကို အမေရိကန် နိုင်ငံခြားရေးဝန်ကြီးဌာနကလည်း အဲ့ဒီအချိန်က ထုတ်ပြန်ခဲ့ပါတယ်။,politic
ဥရောပလုံခြုံရေးနဲ့ကာကွယ်ရေး ပူးတွဲဆောင်ရွက်ဖို့ ပိုလန်၊ ပြင်သစ်၊ ဂျာမနီ ကတိပြု,politic
ဂါဇာမှာ လူအမြောက်အများအသတ်ခံနေရချိန်မှာ အစ္စရေးကို လက်နက်ပို့တာရပ်ကြဖို့ ဥရောသမဂ္ဂနိုင်ငံခြားရေး မူဝါဒအကြီးအကဲ Josep Borrell က အစ္စရေးရဲ့မဟာမိတ်တွေ အဓိကအားဖြင့် အမေရိကန်ပြည်ထောင်စုကို တိုက်တွန်းလိုက်ပါတယ်။,politic
မနေ့က ကျင်းပခဲ့တဲ့ အင်ဒိုနီးရှား သမ္မတရွေးကောက်ပွဲ မဲတွေ ရေတွက်နေဆဲအချိန်မှာ အင်ဒိုနီးရှားကာကွယ်ရေးဝန်ကြီး ဗိုလ်ချုပ်ကြီးဟောင်း Prabowo Subianto က ရွေးကောက်ပွဲမှာ သူ အနိုင်ရပြီလို့ အခိုင်အမာ ကြေညာပြောဆိုပါတယ်။,politic
ယူကရိန်းကိုကျူးကျော်တိုက်ခိုက်နေတဲ့ ရုရှားကို စစ်ရေးနည်းပညာ အထောက်အကူပေးနေတယ်လို့ စွပ်စွဲပြီး တရုတ်၊ အိန္ဒိယနဲ့ တူရကီနိုင်ငံတွေမှာ အခြေစိုက်တဲ့ ကုမ္ပဏီ ၂၀ ကို EU ဥရောပသမဂ္ဂက အရေးယူဖို့ လုပ်ဆောင်နေပြီဖြစ်ပါတယ်။,politic
ယူကရိန်း၊ အစ္စရေးနဲ့ ထိုင်ဝမ်တို့ကို ဒေါ်လာ ၉၅ ဘီလီယံ ကူညီပေးမယ့် အဆိုပြုချက်မူကြမ်းကို အမေရိကန် အထက်လွှတ်တော်မှာ မနေ့ညက ညလုံးပေါက် ဆွေးနွေးပြီး အတည်ပြုပေးလိုက်ပါပြီ။,politic
ထောင်ဒဏ်တနှစ် ပြစ်ဒဏ်ချမှတ်ခံထားတဲ့ ထိုင်းဝန်ကြီးချုပ်ဟောင်း သက်ဆင် ရှင်နာဝပ်ဟာ ၆ လ အချုပ်ခံရပြီး ခံဝန်ချက်နဲ့ ပြန်လွှတ်ပေးမယ့်အကြောင်း ထိုင်းအစိုးရက ဒီကနေ့ပဲ ကြေညာလိုက်ပါတယ်။,politic
နယ်သာလန်နိုင်ငံက တင်ပို့တဲ့ F-35 အစိတ်အပိုင်းတွေကို ကြီးလေးတဲ့ နိုင်ငံတကာ လူ့အခွင့်အရေး ချိုးဖောက်မှုတွေ ကျုးလွန်ရာမှာ အသုံးချနိုင်တဲ့ အန္တရာယ်ရှိတယ်ဆိုတာ ထင်ရှားတယ်လို့လည်း တရားရုံးက ပြောပါတယ်။,politic
မြန်မာနိုင်ငံထဲ စစ်ပွဲတွေပြင်းထန်လာချိန် လူသားချင်းစာနာမှုအကူအညီပေးရေး ဦးစားပေးဆောင်ရွက်မယ်လို့ ပြောထားတဲ့ ထိုင်းနိုင်ငံခြားရေးဝန်ကြီးလဲဖြစ် ဒုဝန်ကြီးချုပ်လည်းဖြစ်တဲ့ Parnpree Bahindra-Nukara နဲ့ အမေရိကန်နိုင်ငံခြားရေးဝန်ကြီး Antony Blinken တို့ ဝါရှင်တန်မြို့တော်မှာ တွေ့ဆုံ ဆွေးနွေးကြမှာဖြစ်ပါတယ်။,politic
ပါကစ္စတန်နိုင်ငံမှာ ဖေဖော်ဝါရီ ၈ ရက်၊ ကြာသပတေးနေ့က ကျင်းပခဲ့တဲ့ ရွေးကောက်ပွဲမှာ အကျဉ်းကျခံနေရတဲ့ ဝန်ကြီးချုပ်ဟောင်း Imran Khan ကို ထောက်ခံတဲ့ ကိုယ်စားလှယ်လောင်းတွေက အသာစီးရနေပါတယ်။,politic
ဝန်ကြီးချုပ်ဟောင်း Khan ရဲ့ အတိုက်အခံပါတီကိုယ်စားလှယ်တွေ ဝင်ပြိုင်ခွင့် ကန့်သတ်ခံခဲ့ရပြီး တင်းမာမှုတွေ ဖြစ်ပေါ်နေတဲ့ ဒီရွေးကောက်ပွဲကို မိုဘိုင်းဖုန်းနဲ့ အင်တာနက်တွေ ဖြတ်တောက်ပြီး ကျင်းပခဲ့တာမှာ၊ လက်ရှိ အမတ်နေရာ ၁၀၀ ကျော်ရေတွက်အပြီး နေရာ၅၀ နီးပါးကို အတိုက်အခံတွေ အနိုင်ရထားပါတယ်။,politic
ကမ္ဘာမှာ ငြိမ်းချမ်းရေးကင်းမဲ့နေပြီး အာဏာပိုင်ဝါဒ ခေါင်းထောင်လာသလို ရပ်ရွာ အသိုက်အဝန်းတွေအတွင်းမှာလည်း အမုန်းတွေတိုးများလာနေတယ်လို့ ကုလသမဂ္ဂ အတွင်းရေးမှူးချုပ်က အထွေထွေညီလာခံမှာ ပြောလိုက်ပါတယ်။ ,politic
တောင်နဲ့ မြောက်ကိုရီးယား နှစ်နိုင်ငံ ဆက်ဆံရေး ဆုတ်ယုတ်ကျဆင်းနေချိန်မှာပဲ တောင်ကိုရီးယားနိုင်ငံနဲ့ စီးပွားရေး ပူးပေါင်းဆောင်ရွက်တဲ့ သဘောတူညီချက် အားလုံးကို ပယ်ဖျက်လိုက်တဲ့အကြောင်း မြောက်ကိုရီးယား ပြည်သူ့ လွှတ်တော်ရဲ့ အမြင့်ဆုံး အာဏာပိုင်အဖွဲ့က ဒီကနေ့ ဖေဖော်ဝါရီ ၈ ရက်နေ့မှာ ဆုံးဖြတ်လိုက်တဲ့အကြောင်း မြောက်ကိုရီးယား အစိုးရပိုင် KCNA သတင်းမှာ ဖော်ပြပါတယ်။,politic
မြန်မာနိုင်ငံမှာ ဒီမိုကရေစီအသွင်ကူးပြောင်းရေးနဲ့ အရပ်သားအစိုးရအုပ်ချုပ်ရေးလမ်းဆီပြန်ရောက်ဖို့ နိုင်ငံတကာနဲ့ ဒေသတွင်းနိုင်ငံတွေရဲ့ ရေရှည် အလေးထား ကူညီမှု အမြန်ဆုံးလိုအပ်နေတယ်လို့ ပြောကြားသွားတာဖြစ်ပါတယ်။စစ်ပွဲတွေကြောင့် အိုးအိမ်စွန့်ထွက်ပြေးနေကြသူတွေဟာ ငြိမ်းချမ်းရေးကို အင်မတန်လိုလားတောင့်တနေကြတာမို့ သူတို့ရဲ့ ဆန္ဒကိုနားထောင် ဆောင်ရွက်ပေးဖို့ လိုအပ်တယ်,politic
အိန္ဒိယနဲ့ မြန်မာနှစ်နိုင်ငံ နယ်ခြား နယ်စပ်တဘက်တချက်မှာ နေထိုင်တဲ့ ပြည်သူတွေ ၁၆ ကီလိုမီတာ ပတ်လည်အတွင်းပြည်ဝင်ခွင့်မလိုဘဲ လွတ်လွတ်လပ်လပ်သွားလာနိုင်တဲ့ ခွင့်ပြုချက်ကို ချက်ခြင်း ပြန်ရုပ်သိမ်းဖို့ ထောက်ခံအဆိုပြုတဲ့အကြောင်း အိန္ဒိယ ပြည်ထဲရေးဝန်ကြီး Amit Shah က ဒီနေ့ ကြေညာပါတယ်,politic
ရွေးကောက်ပွဲအကြို လူထုသဘောထား စစ်တမ်းတွေမှာလည်း ထောက်ခံမှု အများစုရထားတဲ့ ကာကွယ်ရေးဝန်ကြီး ဆူဘီရန်တိုဟာ အာဏာရှင်ခေါင်းဆောင်ဟောင်း ဆူဟာတို လက်ထက်မှာ အထူးတပ်ဖွဲ့တပ်မှူးတဦးအဖြစ် တာဝန်ယူခဲ့ဖူးသူဖြစ်သလို၊ လူကြိုက်များတဲ့ လက်ရှိသမ္မတ ဂျိုကိုဝီဒိုဒို နဲ့ ရင်းနှီးသူလည်း ဖြစ်ပါတယ်။,politic
သမ္မတရွေးကောက်ပွဲမှာ အပြတ်အသတ် အနိုင်ရဖို့ကတော့ မဲအားလုံးရဲ့ ၅၀ ရာခိုင်နှုန်းကျော် ရရှိဖို့ လိုအပ်သလို၊ ပြည်နယ်အသီးသီးမှာလည်း အနည်းဆုံး ၂၀ ရာခိုင်နှုန်းကျော် ရရှိဖို့ လိုပါတယ်။ အင်ဒိုနီးရှားနိုင်ငံအနှံ့ ဒီကနေ့ ရွေးကောက်ပွဲကတော့ ပြဿနာ တစုံတရာ မရှိပဲ အဆုံးသတ်ခဲ့တာပါ။,politic
အမေရိကန်အထက်လွှတ်တော်က ဘယ်လို ဆုံးဖြတ်လုပ်ဆောင်မယ်ဆိုတာကို တကမ္ဘာလုံးက စောင့်ကြည့်နေကြကြောင်းလည်း ပြောပါတယ်။ အခု အဆိုပြုထားတဲ့ အကူအညီပေးရေး ဥပဒေ မူကြမ်းထဲမှာ ယူကရိန်းအတွက် ဒေါ်လာ ၆၁ ဘီလီယံ၊ အစ္စရေးအတွက် ၁၄ ဘီလီယံနဲ့ ထိုင်ဝမ်ကျွန်းအပါအဝင် အင်ဒို-ပစိဖိတ်ဒေသနဲ့ တခြားနေရာတွေကို ကူညီဖို့အတွက် ၅ ဘီလီယံ အသီးသီး ပါဝင်ပါတယ်။,politic
ထိုင်းနိုင်ငံ ချွန်ဘူရီမြို့တွင် ဆိုင်ကယ်နှင့် ဘတ်စ်ကား တိုက်မိပြီး ဆိုင်ကယ်စီးနင်းလာသူ မြန်မာလုပ်သားတစ်ဦး သေဆုံး,crime
မုဒုံမြို့နယ် ကော့ခပုံကျေးရွာ သံဖြူဇရပ် - မော်လမြိုင် ကားလမ်းတွင်  ကြို/ပို့ မော်တော်ယာဉ်တစ်စီး တိမ်းမှောက်မှု ဖြစ်ပွားခဲ့ပြီး တက္ကသိုလ် ကျောင်းသား ကျောင်းသူ ၁၃ ဦး ဒဏ်ရာရရှိ,crime
စစ်ကောင်စီရဲ့ လေကြောင်းတိုက်ခိုက်မှုတွေဟာ ၂၀၂၃ ခုနှစ် စက်တင်ဘာ ကနေ ဒီဇင်ဘာ ကာလအတွင်းမှာ အကြိမ်ပေါင်း ၇၅၀ ရှိခဲ့ပြီး သေဆုံးသူအရပ်သား ၂၄၉ ယောက်နဲ့ ဒဏ်ရာရသူ ၄၂၀ ရှိတယ်လို့ သုတေသနအဖွဲ့တစ်ခုဖြစ်တဲ့ ဉာဏ်လင်းသစ်အဖွဲ့က မနေ့က ထုတ်ပြန်ပါတယ်။,crime
စိတ်ကူးသစ်တည်းခိုခန်း လူသတ်မှုဖြစ်စဉ်မှ တရားစွဲခံထားရသူ ငါးဦးအား လူသတ် အလောင်းဖျောက်မှု ပုဒ်မများဖြင့် အနောက်ပိုင်းခရိုင် တရားရုံးတွင် အသီးသီးစွဲချက်တင်,crime
ရန်ကုန်မြို့တွင် စိတ်ကြွမူးယစ် ဆေးပြားများ စံချိန်တင် စစ်ဆေးတွေ့ရှိခဲ့သည့် ဖြစ်စဉ်များနှင့် ဆက်နွှယ်သူ ၁၂ ဦးအနက် တစ်ဦးအား မြဝတီနယ်စပ်တွင် ဖမ်းဆီးရမိဟု သိရ,crime
ရှမ်းပြည်နယ်မှ ကချင်ပြည်နယ်သို့ သယ်ဆောင်ရောင်းဝယ်မည့် ကျပ် ၄ ဒသမ ၉၄၅ ဘီလျံခန့်တန်ဖိုးရှိ စိတ်ကြွရူးသွပ်ဆေးပြားများနှင့် ဘိန်းဖြူများ မန္တလေးမြို့၌ ဖမ်းဆီးရမိ,crime
ပဲခူးမြို့နယ် ပဲခူး-သနပ္ပင်လမ်းဆုံတွင် DSRB အမည်ရှိ အဖွဲ့တစ်ဖွဲ့မှ အဖွဲ့ဝင်ခြောက်ဦးကို ၁၀၇ မမရှော့တိုက်ဒုံး ၁၀ လုံး၊ ၄၀ မမ လက်လုပ်ဗုံးပစ် လောင်ချာတစ်လက်နှင့်အတူ ဖမ်းဆီးရမိ,crime
ရဲတပ်ဖွဲ့ဝင်နှစ်ဦးကို သတ်ခဲ့သည့် တင်မြင့်အား တောင်ပိုင်းခရိုင် တရားရုံး၌ ဒုတိယအကြိမ် ရုံးထုတ်ခဲ့ပြီး တရားလိုနှင့် တရားလိုပြ သက်သေနှစ်ဦးအား စစ်ဆေး,crime
မရမ်းကုန်းမြို့နယ်ရှိ ဘားတစ်ခုတွင် အသံဗုံးဟု ယူဆရသည့် ပေါက်ကွဲမှုဖြစ်ပွား ,crime
လူသတ်အလောင်းဖျောက်မှုနှင့်ပတ်သက်ပြီး တရုတ်နိုင်ငံသား ခုနစ်ဦးအား ကိုးကန့် ကိုယ်ပိုင်အုပ်ချုပ်ခွင့်ရဒေသတရားရုံးက ထောင်ဒဏ်အသီးသီးချမှတ်,crime
မူးယစ်ဆေးဝါးမှုဖြင့် ဖမ်းဆီးခံထားရသည့် ဟစ်ဟော့အဆိုတော် X-Box နှင့် ၎င်း၏ သူငယ်ချင်းသုံးဦးကို စက်တင်ဘာ  ၁၄ ရက်က ဗဟန်းမြို့နယ် တရားရုံးတွင် ဆက်လက်ရုံးထုတ်၍ ချုပ်ရက်ရမန်ထပ်ယူခဲ့သည်။,crime
ရဲတပ်သားတစ်ဦးနှင့် တည်းခိုခန်း တစ်ခု၌ အတူတည်းခို နေထိုင်စဉ် သေဆုံးသွားသည့် အမျိုးသမီးတစ်ဦး၏ ဖြစ်စဉ်အား စုံ/ခုံဖွဲ့ စစ်ဆေးရန် စီစဉ်လျက်ရှိကြောင်း ရန်ကုန်တိုင်းဒေသကြီး ရဲတပ်ဖွဲ့မှူးရုံးမှ စုံစမ်းသိရသည်။,crime
မန္တလေးမြို့၌ လူသတ်၍ အလောင်းစွန့်ပစ်မှု ဆက်တိုက် ဖြစ်ပွားနေပြီး အမျိုးသားတစ်ဦး၏ အလောင်းကို ခရီးဆောင်အိတ်အတွင်း ထည့်ကာ ရန်ကင်းတောင် အတက်လမ်း နံဘေးတွင် စွန့်ပစ်မှုဖြစ်ပွား,crime
နေပြည်တော် ကောင်စီ နယ်မြေ ဒက္ခိဏသီရိမြို့နယ်တွင် ခင်ပွန်းဖြစ်သူအား သတ်၍ ဇနီးသည်အား အဓမ္မပြုကျင့်ခဲ့သူ လေးဦး အနက်မှ နှစ်ဦးအား ဖမ်းဆီး ရမိထားကြောင်း သတင်းရရှိသည်။,crime
ရှမ်းပြည်နယ်မြောက်ပိုင်း ဒေသများတွင် မူးယစ်ဆေး သုံးစွဲမှုများနှင့် ဆက်စပ်၍ လူကုန်ကူးမှုများ ဖြစ်ပေါ်နေပြီး မြန်မာအမျိုးသမီးငယ် တစ်ဦးလျှင် တရုတ်ယွမ်ငွေ တစ်သောင်းနှင့် လေးသောင်းကြား ရောင်းစားမှုများ ရှိနေ,crime
နေပြည်တော် ကောင်စီနယ်မြေတွင် စက်တင်ဘာလအတွင်း အုပ်စုဖွဲ့ ရန်ဖြစ်ခြင်းနှင့် လူသတ်မှုများ ဖြစ်ပွားလာခြင်းကြောင့် ဒေသခံ ပြည်သူများအနေဖြင့် စိုးရိမ် ထိတ်လန့်မှုများ ရှိနေကြောင်း သတင်းရရှိသည်။,crime
လန်ဒန်ဆရာတော်၏ အမှုအား ဆက်လက်စစ်ဆေးရာ သန္တိသုခ ကျောင်းတိုက်တွင် ကပွဲများ၊ ရှုတင်များ လက်ခံ ကျင်းပခဲ့ခြင်းနှင့် ပတ်သက်ပြီး တရားလိုပြ သက်သေအား စစ်ဆေးခဲ့ကြောင်း ၂၀၁၅ ခုနှစ် အောက်တိုဘာ ၂ ရက်တွင် ပြုလုပ်သည့် ရုံးချိန်းမှ သိရသည်။,crime
ဒဂုံမြို့သစ်အရှေ့ပိုင်းမြို့နယ်ရှိ နေအိမ်နှစ်လုံးမှ ဖမ်းဆီးရမိသော ကျပ် ၂၉ ဘီလျံကျော်တန်ဖိုးရှိ မူးယစ်ဆေးဝါးများမှာ ဘူးသီးတောင်၊ မောင်တောမြို့နယ်များသို့ ပို့ဆောင်ရန်စီစဉ်ထားခြင်းဖြစ်ပြီး ယင်းနှင့်ပတ်သက်၍ စစ်တွေမြို့နယ် ယာဉ်လိုင်းတစ်ခုမှ ဂိတ်မှူးအားဖမ်းဆီး,crime
နေပြည်တော်ကောင်စီ နယ်မြေတွင် ယောက်ျားဖြစ်သူအား ဓားဖြင့် ထိုးသတ်ပြီး အမျိုးသမီးအား သားမယားပြုကျင့်မှုဖြစ်စဉ်တွင် ကျူးလွန်သူများအား ဆက်လက်စုံစမ်းနေဆဲဖြစ်ကြောင်း နေပြည်တော်တိုင်း ရဲတပ်ဖွဲ့မှူး ဦးကိုကိုအောင်က ပြောကြားသည်။,crime
ကြိုးတုပ် ဒဏ်ရာများဖြင့်  သေဆုံးနေသော ခန္ဓာကိုယ် အောက်ပိုင်းတွင် အဝတ်မပါသည့်  အသက် ၂၅ နှစ်အရွယ်  အမျိုးသမီး တစ်ဦး၏ အလောင်းကို အမရပူရမြို့နယ် မန္တ လေး-စစ်ကိုင်းကားလမ်း တံတားဖြူ တံတားအနီးရှိ ရေစပ်တွင် လာရောက် စွန့်ပစ်မှု စက်တင်ဘာ ၂၈ ရက် ညနေ ၆ နာရီခွဲဝန်းကျင်က ဖြစ်ပွားခဲ့ကြောင်း အမရပူရမြို့နယ် ရဲစခန်းမှ သတင်းရရှိသည်။,crime
ရန်ကုန်မြို့အတွင်း ရွှေအတု လိမ်လည် ရောင်းချမှုကြောင့် အင်းစိန်ထောင်၌ ချုပ်နှောင် ဖမ်းဆီးထားသည့် တရုတ်နိုင်ငံသား သုံးဦးအား အလုံမြို့နယ် တရားရုံး၌ အောက်တိုဘာ ၁၆ ရက်က ဆက်လက် ရုံးထုတ်ခဲ့ကြောင်း သိရသည်။,crime
ညစ်ညမ်းစာများ ဖြန့်ဝေကြော်ငြာခြင်းနှင့် တရုတ်နိုင်ငံသားများ တရားမဝင် ဆေးကုသခြင်းတို့ကြောင့် တရားစွဲခံထားရသော တော်ဝင်နှင်းဆီ ဆေးရုံကို စည်ပင်သာယာရေး ကော်မတီက ပြန်လည်သိမ်းယူ,crime
မြန်မာနိုင်ငံအတွင်း တစ်လင်တစ်မယားစနစ် ဥပဒေ အတည်ပြု ပြဋ္ဌာန်းခဲ့ပြီး နောက်ပိုင်း ယင်းဥပဒေဖြင့် အိမ်ထောင်သက် နှစ် ၃၀ နီးပါးရှိ အိမ်ထောင်ရှင်များ အပါအဝင် အမှုဖွင့် အရေးယူသည့် ဖြစ်စဉ်များ အောက်တိုဘာလအတွင်း ဆက်တိုက် ဖြစ်ပွားနေကြောင်း သိရသည်။,crime
ညစ်ညမ်းစာများ ဖြန့်ဝေကြော်ငြာခြင်းနှင့် တရုတ်နိုင်ငံသားများ တရားမဝင် ဆေးကုသခြင်းတို့ကြောင့် တရားစွဲခံထားရသော ချမ်းအေးသာစံမြို့နယ် ၃၁ လမ်းနှင့် ၃၂ လမ်းကြား၊ ၇၇ လမ်းနှင့် ၇၈ လမ်းကြားရှိ တော်ဝင်နှင်းဆီ ဆေးရုံကို အောက်တိုဘာ ၁၃ ရက် ညနေက စည်ပင်သာယာရေး ကော်မတီမှ ပြန်လည် သိမ်းယူခဲ့ကြောင်း သတင်းရရှိသည်။,crime
ရန်ကုန်မြို့အတွင်း ကားကို စာချုပ်ဖြင့် လိမ်လည်ငှားရမ်းကာ အခြားတစ်ဦးထံတွင် လိုင်စင်မဲ့ယာဉ်အဖြစ် လိမ်လည်ရောင်းချ ပေါင်နှံသည့် ဖြစ်စဉ်များ ဆက်တိုက်ဖြစ်ပွားလျက်ရှိကြောင်း ရန်ကုန်တိုင်းဒေသကြီး ရဲတပ်ဖွဲ့ အဆင့်မြင့် ရဲအရာရှိ တစ်ဦးထံမှ စက်တင်ဘာ ၁၄ ရက်တွင် စုံစမ်းသိရှိရသည်။,crime
အစဉ်အလာအားဖြင့် လူငယ်အလုပ်လက်မဲ့ ဦးရေမြင့်မားတဲ့ တရုတ်ပြည်မှာ စီးပွားကျလာတဲ့ အတွက် လူငယ်တွေ အလုပ်အကိုင်ရှာဖွေရေးမှာ အတော်ရုန်းကန်နေရပါတယ်။ တကယ့် ကိန်းဂဏန်းတွေ ရရှိဖို့ ခက်ခဲပေမယ့် လတ်တလောမှာ အသက် ၁၆ နှစ်နဲ့ ၂၄ နှစ်ကြား လူ ၅ ယောက်မှာ ၁ ယောက်မကဟာ အလုပ်လက်မဲ့ ဖြစ်နေတယ်လို့ ဆိုပါတယ်။,business
အပြည်ပြည်ဆိုင်ရာမြန်မာလေကြောင်းလိုင်း(MAI)က ပြည်ထောင်စုနေ့ ဂုဏ်ပြုအထိမ်းအမှတ် ဂေါက်သီးရိုက် ပြိုင်ပွဲအား ဒုတိယအကြိမ်အဖြစ် Dagon City Golf Resort တွင် ကျင်းပ,business
နိုင်ငံခြားငွေကြေးစျေးကွက်တွင် ဒေါ်လာ ၁၁ သန်းနှင့် ထိုင်းဘတ်သန်း ၂၀၀ အထိ ဗဟိုဘဏ်က ထပ်မံထုတ်ရောင်း,business
၂၀၂၃-၂၀၂၄ ဘဏ္ဍာနှစ် ငါးလကျော်အတွင်း မြန်မာနိုင်ငံ၏ ပြည်ပကုန်သွယ်မှုကဏ္ဍတွင် ကုန်သွယ်မှုလိုငွေ ဒေါ်လာ ၇၇၁ သန်းကျော် ဖြစ်ပေါ်,business
နိုင်ငံပိုင်ဘဏ်နှင့် ပုဂ္ဂလိကဘဏ်များတွင် အပ်ငွေ ကျပ် ၄၃၂၂၆ ဘီလျံကျော်ရှိပြီး ယခင်သုံးလနှင့်နှိုင်းယှဉ်ပါက နိုင်ငံပိုင်ဘဏ်များ၌ အပ်ငွေရရှိမှု ကျပ် ၂၃၆ ဘီလျံ၊ ပုဂ္ဂလိကဘဏ်များတွင် အပ်ငွေရရှိမှု ကျပ်ဘီလျံ ၅၄၀ မြင့်တက်,business
တစ်ပတ်အတွင်း ပင်လယ် ရေကြောင်းမှ ပြည်ပသို့ ဒေါ်လာ ၁၄ သန်းကျော်ရှိ ဆန်တန်ချိန် ၄၇၅၀၀ ကျော်တင်ပို့ခဲ့ရာ အိုင်ဗရီကို့စ်နိုင်ငံသို့ တင်ပို့မှုအများဆုံးဖြစ်,business
မြန်မာနှင့် ရုရှားနှစ်နိုင်ငံအကြား ဘဏ္ဍာရေး ပူးပေါင်းဆောင်ရွက်မှုဆိုင်ရာ လုပ်ငန်းကော်မတီဖွဲ့စည်းရန်နှင့် နှစ်နိုင်ငံဗဟိုဘဏ်များအကြား ပူးပေါင်းဆောင်ရွက်ရန် သဘောတူစာချုပ် လက်မှတ်ရေးထိုးနိုင်ရန် ဆောင်ရွက်မည်,business
ဗဟိုဘဏ်က နိုင်ငံခြားငွေလဲနှုန်း တစ်ဒေါ်လာ ကျပ် ၂၁၀၀ သတ်မှတ်ထားပြီး ပြင်ပစျေးကွက်တွင် တစ်ဒေါ်လာ  ကျပ် ၃၁၀၀ ဝန်းကျင်ရှိနေဟု သိရ,business
ပြင်သစ်ဝန်ကြီးချုပ် အက်ဒဝပ်ဖီးလစ်က ချေးငွေအပေါ် အစိုးရက မှီခိုနေရမှုကို အဆုံးသတ်ရန်နှင့် ရင်းနှီးမြှုပ်နှံမှုကို တွန်းအားပေးရန်အတွက် ရည်ရွယ်သည့် အခွန်လျှော့ချမည့် အစီအစဉ်များနှင့် အစိုးရအသုံးစရိတ် လျှော့ချမည့် အစီအစဉ်များကို ဇူလိုင် ၄ ရက်တွင် ကြေညာခဲ့သည်။,business
ကမ္ဘာ့စမတ်ဖုန်းစျေးကွက်၏ ရှယ်ယာအများစုကို  ယခုအခါ Apple က ပိုင်ဆိုင်ထားပြီး ၁၂ နှစ်အတွင်း ပထမဆုံးအကြိမ်အဖြစ် ဆမ်ဆောင်းကိုကျော်တက်လိုက်ခြင်းဖြစ်သည်။ ,business
အထည်ချုပ်သည် ပို့ကုန်ကဏ္ဍ၌ အတိုးတက်ဆုံးဖြစ်ပြီး လက်ရှိဘဏ္ဍာနှစ်တစ်လခန့်တွင် တင်ပို့မှုတန်ဖိုး ဒေါ်လာ သန်း ၃၂၀ ကျော်ရရှိထားပြီး ယခင်နှစ်ကာလတူထက် ဒေါ်လာ သန်း ၄၀ ခန့် ပိုမိုတင်ပို့ခဲ့,business
နိုင်ငံပိုင်ဘဏ်နှင့် ပုဂ္ဂလိကဘဏ်များတွင် အပ်ငွေ ကျပ် ၄၃၂၂၆ ဘီလျံကျော်ရှိပြီး ယခင်သုံးလနှင့်နှိုင်းယှဉ်ပါက နိုင်ငံပိုင်ဘဏ်များ၌ အပ်ငွေရရှိမှု ကျပ် ၂၃၆ ဘီလျံ၊ ပုဂ္ဂလိကဘဏ်များတွင် အပ်ငွေရရှိမှု ကျပ်ဘီလျံ ၅၄၀ မြင့်တက်,business
၂၀၂၀ ပြည့်နှစ် သြဂုတ် ၁၀ ရက်တွင် ကမ္ဘာ့ရွှေစျေး ၂၀၃၁ ဒေါ်လာဝန်းကျင် ဖြစ်ပေါ်ခဲ့ပြီး ပြည်တွင်းရွှေစျေးနှုန်း ကျပ် ၁၃၂၇၀၀၀ ဝန်းကျင်ရှိခဲ့ကြောင်း ရွှေရောင်းဝယ်သူများထံမှ သိရသည်။,business
၂၀၁၉ ခုနှစ် စက်တင်ဘာတွင် ပြည်တွင်းဘဏ်များက ထုတ်ချေးထားသော ချေးငွေပမာဏ ကျပ် ၂၉၀၁၈ ဘီလျံရှိပြီး နိုင်ငံပိုင်ဘဏ်များက ကျပ် ၄၇၂၄ ဘီလျံကျော်၊ ပုဂ္ဂလိကဘဏ်များက ကျပ် ၂၄၂၉၄ ဘီလျံကျော် ထုတ်ချေးထား,business
ရန်ကုန်တိုင်းအတွင်း ဒေါ်လာ ၇ ဒသမ ၂၈ သန်းရှိ CMP စနစ်ဖြင့် အဝတ်အထည်အမျိုးမျိုး ချုပ်လုပ်ခြင်းနှင့် မျက်မှန်ထည့်သော ဘူးအမျိုးမျိုး ထုတ်လုပ်ခြင်းလုပ်ငန်းများကို ဟောင်ကောင်နှင့် တရုတ်ကုမ္ပဏီများက လုပ်ကိုင်မည်,business
၂၀၂၀ ပြည့်နှစ် ဇန်နဝါရီတွင် စားသုံးသူစျေးဆနှုန်း (CPI) ၁၆၁ ဒသမ ၃၃ ရှိခဲ့ပြီး ယခင်နှစ်ကာလတူထက် ၉ ဒသမ ၀၉ ရာခိုင်နှုန်း မြင့်တက်ခဲ့ကြောင်း ဗဟိုစာရင်းအင်းအဖွဲ့က ထုတ်ပြန်သည့် စားသုံးသူစျေးဆနှုန်း နှင့် ငွေကြေးဖောင်းပွမှုနှုန်းအခြေအနေအရ သိရသည်။,business
၂၀၁၉ ခုနှစ် ဇွန်တွင် မြန်မာနိုင်ငံအတွင်း လှည့်လည် သုံးစွဲနေသော ငွေစက္ကူ ကျပ် ၁၄၁၅၆ ဘီလျံကျော် ရှိပြီး ၂၀၁၉ ခုနှစ် မတ်နှင့် နှိုင်းယှဉ်ပါက သုံးလအတွင်း ကျပ် ၃၉၄ ဘီလျံဝန်းကျင် လျော့ကျ,business
၂၀၁၉-၂၀၂၀ ဘဏ္ဍာနှစ် သုံးလအတွင်း မြန်မာနိုင်ငံတွင် နိုင်ငံပေါင်း ၁၆ နိုင်ငံက ဒေါ်လာ ၁ ဒသမ ၁၆၄ ဘီလျံကျော် လာရောက်မြှုပ်နှံထားပြီး ဟောင်ကောင်က ဒေါ်လာ ၈၂၄ သန်းကျော်ဖြင့် နိုင်ငံအလိုက် ရင်းနှီးမြှုပ်နှံမှုစာရင်း၌ ထိပ်ဆုံးမှရပ်တည်နေ,business
တစ်နှစ်အတွင်း အစားအစာအုပ်စု ကုန်စျေးနှုန်း ရှစ်ရာခိုင်နှုန်းခန့်၊ အိမ်လခ ၃၁ ရာခိုင်နှုန်းခန့်၊ ကျန်းမာရေးကုန်ကျစရိတ် ရှစ်ရာခိုင်နှုန်းကျော်၊ ပညာရေး ကုန်ကျစရိတ် လေးရာခိုင်နှုန်းကျော် မြင့်တက်,business
အိန္ဒိယက မတ်ပဲ တန်ချိန်နှစ်သိန်းခွဲ တိုးမြှင့်တင်သွင်းခွင့်ပြုခြင်းကြောင့် ပြည်တွင်းမတ်ပဲစျေး တစ်တန်လျှင် ကျပ်တစ်သိန်းကျော် ခုန်တက်ခဲ့ပြီး မတ်ပဲ FAQ တစ်တန်လျှင် ကျပ် ၁၂၃၀၀၀၀ ဝန်းကျင်အထိ ရှိလာ,business
ပခုက္ကူ ကြက်သွန်စျေးကွက်အတွင်း မိုး ကြက်သွန်သစ် ဝင်ရောက်မှု များပြားနေပြီး နယ်စုံ ဝယ်လက်များနေသည့်အတွက် တစ်ပိဿာအမြင့်ဆုံး ကျပ် ၂၄၀၀ ပေါက်စျေးရှိ,business
ကမ္ဘာ့ရေနံစျေး တစ်စည် ၅၈ ဒေါ်လာဝန်းကျင်အထိ ပြန်တက်ခဲ့ပြီး ပြည်တွင်းစက်သုံးဆီစျေးနှုန်းများ နှစ်ရက်အတွင်း တစ်လီတာ ၂၅ ကျပ် ပြန်လည်မြင့်တက်,business
သြဂုတ် ၄ ရက်တွင် ရွှေလုပ်ငန်းရှင်များအသင်းက  ပြည်တွင်းရွှေစျေးနှုန်း ကျပ် ၂၀၆၁၀၀၀ ဖြင့် စျေးပိတ်ခဲ့သော်လည်း ပြင်ပစျေးကွက်တွင် ကျပ် ၂၄၃၀၀၀၀ အထိ စံချိန်တင် ထပ်မံမြင့်တက်ခဲ့,business
၂၀၂၂ ခုနှစ် မေ ၂၀ ရက်တွင် ကမ္ဘာ့ဒေါ်လာစျေး အညွှန်းကိန်း ၁၀၂ ပွိုင့်ဝန်းကျင်ရှိကာ နိုင်ငံခြားငွေလဲနှုန်း တစ်ဒေါ်လာ ၁၈၅၅ ကျပ် ဝန်းကျင်ရှိနေကြောင်း  နိုင်ငံခြား ငွေကြေး ရောင်းဝယ်သူများထံမှ သိရသည်။,business
ပဲခူးတိုင်းအတွင်း ဘက်ထရီသုံး လျှပ်စစ်မော်တော်ကား ထုတ်လုပ်ခြင်းလုပ်ငန်းများ ဆောင်ရွက်နိုင်ရေး ပြည်တွင်း၊ ပြည်ပရင်းနှီးမြှုပ်နှံသူများ ဖိတ်ခေါ်ဆောင်ရွက်စေလိုကြောင်း ဝန်ကြီးချုပ် ပြောကြား,business